"age","married","educ","lifesat"
84.2022146144882,"Married","College+",4.32132018250455
35.1572885201313,"Not married","College+",1.76047130994715
54.678325697314,"Married","Some college",4.65799678621605
47.784482515417,"Not married","HS or less",2.96786810922424
73.3000575064216,"Married","College+",4.80401639914012
75.2001020126045,"Married","College+",3.77157766853907
89.3085372191854,"Not married","Some college",3.74190654169739
84.9324746010825,"Not married","HS or less",3.64688461299216
78.9463307859842,"Married","Some college",4.55284362591939
73.5120456526056,"Not married","Some college",3.63578347417066
41.869610970607,"Not married","HS or less",2.09428380915664
79.2940082179848,"Married","Some college",4.72420484978528
75.9205828863196,"Married","HS or less",4.04976197472033
56.9244827167131,"Not married","HS or less",2.78794413456114
64.156793494476,"Not married","Some college",3.00110375302446
82.6056229777168,"Not married","HS or less",3.59141726138532
85.1791445899289,"Not married","College+",4.04895484717624
57.4501487903763,"Not married","HS or less",3.64043435345619
43.0194152402692,"Not married","Some college",2.81025400871325
60.1654550025705,"Married","College+",4.1944167155202
40.1289798191283,"Married","Some college",4.08864943634517
40.1596368604805,"Not married","College+",2.18751601256644
52.8030993521679,"Married","Some college",3.93087610293104
47.5689462595619,"Married","HS or less",3.59349103066633
75.8083147765137,"Married","Some college",4.80425485353576
62.3905509593897,"Not married","Some college",3.41738049465754
62.8929679142311,"Married","HS or less",4.14133785754196
69.4826084410306,"Married","Some college",3.6646795053666
37.4947102891747,"Married","College+",4.5207034397061
48.6989832122345,"Married","HS or less",3.69735329601896
71.2820035894401,"Married","College+",4.9072786181502
68.4712031146046,"Not married","Some college",3.69179881699117
79.6959138603415,"Married","Some college",4.31116767269845
70.1779122999869,"Not married","HS or less",5.09346833121765
69.3684404925443,"Married","HS or less",3.38041929943927
57.5556582259014,"Not married","Some college",3.63222371358551
68.9184515632223,"Married","Some college",4.07044056091985
77.694240284618,"Not married","Some college",4.64664058839638
76.934071185533,"Not married","Some college",4.27130812319346
85.5126498802565,"Married","College+",3.00474527278542
35.2875042846426,"Not married","Some college",3.10125595155507
60.3545901097823,"Not married","HS or less",3.57959493478935
89.5236862183083,"Not married","College+",4.52058416023057
61.079743381124,"Married","HS or less",4.53849864856749
47.7090151922312,"Married","HS or less",3.58268987755749
69.6739582915325,"Not married","Some college",3.27014425365981
48.649502658518,"Not married","Some college",2.61131852758242
44.4583527417853,"Married","College+",3.79786560628508
72.739569201367,"Not married","HS or less",3.4929186041085
42.198357937159,"Married","HS or less",4.56794247754332
46.4078819763381,"Married","Some college",3.53536897957404
85.8306337578688,"Married","HS or less",3.93684264243142
49.7834660264198,"Not married","HS or less",3.91070649486091
82.615588643821,"Not married","Some college",3.55536599854739
64.1559417371172,"Not married","HS or less",3.00862590040988
53.8644079223741,"Married","College+",3.89654380481326
74.6193382865749,"Not married","HS or less",4.01258222621767
43.9277480274905,"Married","College+",4.53113316083878
89.5860363449901,"Married","HS or less",4.8816285513053
51.6560424654745,"Married","HS or less",3.19203414544266
45.2842874103226,"Not married","HS or less",3.42661184620488
65.1038289687131,"Married","HS or less",3.18877968087043
37.195916781202,"Not married","HS or less",2.64900767282934
56.1039797205012,"Married","College+",4.43838062311529
49.4826353003737,"Married","Some college",4.06177049583067
55.973734438885,"Married","Some college",4.30738312442588
67.2547615156509,"Married","Some college",5.15792018250707
54.7736914549023,"Married","College+",3.88421082233237
56.8901748384815,"Married","Some college",4.87441608507257
60.0687569286674,"Not married","HS or less",3.10641111285285
38.790844703326,"Not married","HS or less",1.9457931481786
83.7627938971855,"Married","HS or less",3.72896838246726
82.1978886099532,"Married","Some college",4.52383540857749
57.166341583943,"Not married","Some college",4.64334837365009
69.2266962432768,"Not married","College+",3.70754745184339
57.3201582138427,"Not married","HS or less",3.81975502726769
41.8430179543793,"Married","College+",3.95130128575005
68.30868025776,"Not married","HS or less",3.47649745106509
73.7591376528144,"Married","College+",4.19853335674662
80.6657162168995,"Married","Some college",4.16404386762813
46.6106411162764,"Married","College+",4.36916940326098
50.9011020557955,"Not married","Some college",3.24282631861464
87.7831925358623,"Married","College+",3.994013549555
64.7505123994779,"Married","Some college",5.9343454088002
35.4684555984568,"Not married","HS or less",1.83506732096214
57.4481420370284,"Not married","College+",3.19181937425202
84.1031685925554,"Not married","Some college",4.05421522483557
74.7898010141216,"Not married","Some college",3.75951706461974
42.0482133503538,"Not married","HS or less",2.12771326053742
80.2870150655508,"Not married","Some college",4.92965826350381
47.5225735176355,"Not married","HS or less",2.05278608278987
73.2396037864964,"Not married","Some college",3.30908742328367
71.1635209189262,"Not married","Some college",3.9808199967503
39.7531615989283,"Not married","College+",2.23548215846881
43.4635676199105,"Not married","HS or less",2.33427213812738
36.9207617873326,"Married","College+",2.85666936753114
44.2898556997534,"Married","College+",3.25792402862006
40.8860954793636,"Not married","HS or less",2.95554208961121
50.991134988144,"Not married","College+",3.51659615236007
80.049151123967,"Married","HS or less",4.57944708939557
59.4487339549232,"Married","HS or less",3.09438306555852
53.0907368415501,"Married","College+",4.02287393509004
67.4435983784497,"Not married","College+",3.4444021960638
60.8118951320648,"Married","Some college",4.26983660882592
56.2035541818477,"Married","HS or less",2.85339578645289
81.0044867568649,"Married","HS or less",4.95340309373544
59.6650002372917,"Not married","Some college",2.92873804793618
86.127901955042,"Not married","Some college",4.1454187805976
61.5841383405495,"Married","Some college",3.62311997116497
40.1695218379609,"Not married","Some college",2.52834435343027
66.2138868751936,"Not married","College+",4.18149608730854
49.8604882799555,"Married","Some college",3.91832423494915
55.0041509699076,"Not married","Some college",3.16851313013995
50.478798749391,"Not married","Some college",4.66049339671719
44.8312532890122,"Not married","College+",2.01854571792586
65.2504865545779,"Not married","College+",3.43049744048519
88.0057266249787,"Married","College+",5.24120368950393
81.849983620923,"Not married","HS or less",3.79940988210867
51.9911757425871,"Married","Some college",4.94950073879933
77.4030805018265,"Not married","Some college",3.38960498431426
72.0448067539837,"Married","College+",5.55196544149043
68.7900253164116,"Married","Some college",3.83081981442163
71.7362642392982,"Married","Some college",4.24106817654618
87.9265669872984,"Married","Some college",5.86281941323696
88.5739278967958,"Married","HS or less",2.82341335190643
48.7618604337331,"Married","Some college",5.28234815128735
40.7130240288097,"Not married","HS or less",2.59483775307332
63.9987856021617,"Married","College+",5.56264744747618
61.2674975104164,"Not married","Some college",2.9334880646693
73.6643039330374,"Not married","HS or less",3.84389059807437
45.9380026545841,"Not married","College+",3.20486449886448
57.5012564857025,"Married","College+",4.31050249475368
68.1833728484344,"Married","College+",3.62563558203506
72.0867696404457,"Not married","HS or less",3.44449321157226
59.3475649040192,"Married","Some college",4.10326828278046
78.3716261340305,"Married","HS or less",3.99145376308839
69.6376132976729,"Not married","Some college",3.21431753267657
77.4183828860987,"Married","Some college",4.36533326309903
72.5562991620973,"Married","HS or less",4.0314721682921
78.5316301765852,"Married","College+",4.81454456309399
57.3428222408984,"Not married","College+",2.97917701129737
57.0077450014651,"Married","HS or less",3.90981266733398
76.7676042288076,"Married","HS or less",3.62796552101071
49.3165428971406,"Not married","College+",2.98758552477214
57.3099963518325,"Married","Some college",3.38348001378447
66.3613652670756,"Not married","HS or less",3.78783052866563
41.0259584453888,"Married","HS or less",3.37644338429153
61.7809343594126,"Married","HS or less",4.33505413375246
86.971229382325,"Married","College+",4.59408338450191
35.1193110318854,"Not married","HS or less",2.21632121311464
55.1402006333228,"Not married","Some college",2.96866670365423
39.2931621451862,"Not married","HS or less",1.07758691880415
80.1461598766036,"Not married","College+",5.40222460276757
76.348508221563,"Not married","HS or less",2.57578948931061
47.1982594055589,"Married","HS or less",3.35336986069466
61.0255998291541,"Married","Some college",3.56665181966208
50.6287588574924,"Not married","Some college",4.08952637424878
57.5340912363026,"Not married","College+",4.3865483451446
64.3340187508147,"Married","College+",4.3636557083902
53.3365447132383,"Not married","Some college",2.28411106041488
64.4786604784895,"Not married","HS or less",3.28429396805354
89.3625992245506,"Not married","Some college",4.33936878515943
50.6061270623468,"Married","Some college",2.52377415318915
59.4485383608844,"Not married","Some college",3.20789420653287
62.5587741134223,"Married","College+",4.5388106697118
77.6305358542595,"Married","HS or less",3.70919128285967
41.4303039677907,"Married","College+",4.43974478973221
41.9890908710659,"Married","HS or less",3.50746447908048
44.6950621355791,"Not married","HS or less",2.26353759066023
83.53368155309,"Married","College+",4.61778198305026
49.6100493089762,"Not married","HS or less",3.51454340151429
84.0001069253776,"Not married","Some college",3.49912707022219
74.1571367671713,"Not married","HS or less",4.17123856239511
48.4402529313229,"Not married","HS or less",2.72765085024611
67.7758340747096,"Not married","College+",4.27811122798783
80.4859799577389,"Married","Some college",4.07337574893514
89.1852938430384,"Married","College+",4.32691886064553
52.2922409279272,"Not married","HS or less",1.96308928598989
48.3999792684335,"Married","HS or less",3.85288600288192
65.3874400048517,"Married","Some college",5.02157818182105
44.9641108792275,"Not married","HS or less",2.61526338068779
42.2407324879896,"Not married","HS or less",2.20530516447143
72.3221416212618,"Not married","Some college",3.99078345200718
67.2933844616637,"Married","College+",3.39202520177622
70.0000818341505,"Married","Some college",4.26053257161204
75.2813037729356,"Not married","Some college",4.36093919508755
49.2705394711811,"Not married","College+",3.66655330620363
71.9643405138049,"Not married","College+",4.35789716526068
78.2722048927099,"Not married","Some college",4.38996698828232
47.3922569595743,"Married","HS or less",3.86917742841757
81.5284297359176,"Not married","HS or less",4.56613654055475
66.9939173234161,"Not married","Some college",3.64497091688749
84.6413026016671,"Married","HS or less",3.20499106919241
40.0944218202494,"Married","College+",4.04325356233984
89.4078840594739,"Married","College+",3.70053278061849
53.1292043521535,"Not married","HS or less",3.70346872272954
70.2925513440277,"Not married","Some college",3.8239348959998
88.2611339201685,"Married","HS or less",3.9809771436973
74.8466650955379,"Married","College+",4.85726663286292
45.0508290086873,"Not married","College+",3.09638925185901
63.4647239546757,"Married","Some college",3.48782650416384
52.7282707893755,"Married","Some college",4.68834590052675
64.6935603430029,"Not married","Some college",4.24656752434658
49.9091559927911,"Married","Some college",3.85769944634177
74.2124131997116,"Not married","Some college",4.58134588854831
69.861675578868,"Married","College+",5.10162573618075
38.2896763156168,"Not married","Some college",2.78853433832627
35.3514948068187,"Married","Some college",3.98331488120902
60.0424727471545,"Married","Some college",5.90176689639936
66.7613803932909,"Not married","HS or less",3.13437901355068
53.976041279966,"Not married","Some college",3.69309049525999
70.3175452759024,"Not married","College+",4.05410512680878
47.9389707138762,"Married","College+",4.78596564801526
78.1572064827196,"Married","Some college",4.47434760260337
39.6645073522814,"Not married","Some college",3.27364397866322
77.1903450158425,"Not married","Some college",4.68410972547001
49.7640443092678,"Not married","HS or less",3.94206776839433
43.3609999576584,"Married","Some college",3.0364537617238
50.8622811466921,"Not married","HS or less",3.4043510370421
52.0696630689781,"Married","HS or less",4.00565780001318
56.7702319228556,"Not married","Some college",3.63725621735276
66.8051920109428,"Not married","College+",4.16884758500925
65.767901284853,"Married","College+",4.20156107947393
61.3132756587584,"Married","HS or less",3.90784972855865
88.7073208543006,"Married","Some college",4.13770260492945
44.0036809269805,"Married","HS or less",3.26822102904676
39.1768231976312,"Not married","Some college",1.97380023354391
85.6524163042195,"Not married","HS or less",3.50212307287206
43.166446944233,"Not married","HS or less",2.97902353437108
55.7084168877918,"Not married","HS or less",2.7658645406756
79.9216083541978,"Married","HS or less",4.25593858758525
75.218817560235,"Married","College+",5.52448863403577
63.8177303702105,"Married","Some college",3.9431824912099
60.4598780709784,"Not married","HS or less",3.48189582088203
43.3919727616012,"Not married","College+",3.00859386349819
67.9753748385701,"Married","HS or less",3.07921234335443
44.4736258650664,"Not married","College+",3.50276902873961
82.4028771428857,"Married","HS or less",4.80243151554966
69.0912431583274,"Not married","College+",4.32780304935985
85.9978548542131,"Married","Some college",3.99160646387134
58.0439738160931,"Married","Some college",3.52489038323787
71.3127274252474,"Not married","College+",4.08824289109945
51.1852899368387,"Married","College+",3.61013405470778
62.5229757942725,"Married","HS or less",3.70706781393324
45.0864065322094,"Not married","College+",2.5153835035273
67.7913347678259,"Married","College+",5.73998809323502
88.4953326825052,"Married","HS or less",4.16047362300837
43.2396909187082,"Married","College+",5.44585592453849
48.09103117208,"Married","HS or less",3.76013850139825
81.1035395401996,"Married","HS or less",4.27791740916318
72.1406031923834,"Not married","College+",4.67954112912839
66.8733937083744,"Married","HS or less",4.71248432596422
72.3555942333769,"Married","College+",3.97077890093591
48.3998600218911,"Married","Some college",4.14642673444134
60.5814017204102,"Not married","College+",3.20120442410021
81.1446056189016,"Married","HS or less",5.56729654694183
56.6136980673764,"Not married","Some college",3.78578633029782
49.0295996295754,"Not married","HS or less",1.44463564046056
36.4537191041745,"Not married","Some college",2.15559763029427
40.9026472759433,"Married","College+",3.29349357076964
37.9297523072455,"Not married","Some college",2.31553194086835
69.1412047704216,"Not married","Some college",2.77864321907349
68.7220831518061,"Not married","HS or less",3.69769902786814
70.4785519908182,"Not married","HS or less",3.78670704025242
37.309211010579,"Married","HS or less",3.09474113966346
73.7807441991754,"Married","Some college",4.79943829229891
52.5183624273632,"Married","Some college",4.08613553018665
66.2115127651487,"Not married","College+",4.06155847251583
85.6752884748857,"Married","College+",4.99466154096996
85.1113398559391,"Married","College+",4.70824043092875
89.2047680635005,"Married","HS or less",4.28008481354154
89.4749583187513,"Married","HS or less",2.68645968374607
64.4619202718604,"Married","Some college",3.56129220746987
50.6811389513314,"Not married","Some college",2.72156545616652
68.9465449703857,"Not married","HS or less",3.98889712693105
73.0845862010028,"Not married","College+",4.30237233229272
85.5595136049669,"Married","College+",3.91827469197334
73.2163275196217,"Married","Some college",4.10752964196618
35.7729690091219,"Married","Some college",3.97520137611166
82.3024570196867,"Married","College+",4.93757919039465
68.9069689868484,"Not married","Some college",3.42384637609893
79.9168489291333,"Married","HS or less",4.3998430308813
56.1674275889527,"Not married","College+",2.62932538525876
36.4349279133603,"Married","HS or less",3.05526475115769
72.6808323524892,"Married","Some college",3.80382403126518
78.7800465023611,"Married","HS or less",4.3749543341626
79.3566370604094,"Married","College+",5.05027160617646
76.4324389246758,"Married","College+",5.48649093185348
41.9770886912011,"Not married","HS or less",2.96747761366443
75.9885739942547,"Not married","Some college",4.17159564349442
41.464265093673,"Married","Some college",4.20055226257995
83.1969502416905,"Married","HS or less",4.35755747056664
87.3237728979439,"Not married","College+",4.01598807896205
46.6199083859101,"Married","College+",4.42241255656447
63.1007264833897,"Married","HS or less",3.85847394540643
70.4194322135299,"Not married","College+",4.16874656744282
70.0767719082069,"Not married","College+",3.51677773766433
65.8281124010682,"Not married","Some college",3.3057677317888
87.8666958108079,"Married","College+",4.73581400238608
80.4044096497819,"Not married","College+",5.50993230249801
53.0759764963295,"Married","College+",4.37024652281148
47.1073428809177,"Married","College+",3.9977821128973
48.1555616075639,"Married","Some college",4.65245934302451
65.0957126100548,"Not married","College+",2.79290280808747
75.5149672704283,"Not married","Some college",4.20433664930456
36.1280194553547,"Not married","Some college",2.92335639255986
51.7127263965085,"Not married","HS or less",2.88606065505077
60.2949718071613,"Married","College+",4.18042988844012
38.0804867239203,"Not married","HS or less",2.95035934828192
39.7407599713188,"Married","College+",4.25757921770506
78.5610353085212,"Not married","HS or less",3.4686392838407
63.433629599167,"Not married","College+",3.88642576366613
43.5112772369757,"Not married","Some college",3.44221945408859
61.292143460596,"Married","College+",3.88255326467878
68.9519630046561,"Married","Some college",3.30544648749772
65.0512578780763,"Married","College+",4.70611622941899
78.3786823484115,"Not married","College+",4.02498062390494
85.1921714679338,"Not married","Some college",4.1897469662233
45.0919448630884,"Married","Some college",3.18410635129713
39.936234994093,"Married","HS or less",2.63247028353727
65.075117443921,"Not married","Some college",2.92230795102953
84.1621095768642,"Not married","Some college",4.17900344543421
68.9703763381112,"Not married","Some college",4.07824742460406
83.3353914308827,"Not married","HS or less",3.71952075735677
63.5244433709886,"Married","Some college",2.24176174430661
69.9787989258766,"Married","HS or less",3.34931889532759
75.492597684497,"Not married","Some college",4.09767856897
53.1348605209496,"Not married","HS or less",2.51131593346568
84.0103714633733,"Not married","College+",5.68098803141198
69.4697446178179,"Married","College+",3.91617253282887
44.1021633963101,"Not married","Some college",3.44971766046819
88.6817468120717,"Married","HS or less",4.97441261112718
49.897483328823,"Married","HS or less",3.38361963490032
55.3181071265135,"Married","HS or less",4.1733155594611
47.2708531201351,"Married","Some college",3.50723768307375
84.7957980353385,"Married","Some college",3.99749974322363
41.5356396557763,"Married","College+",4.48034191681714
80.5814722226933,"Married","Some college",4.14847500462186
45.4605933080893,"Not married","HS or less",2.39059740069911
35.8865280728787,"Not married","Some college",2.67175581403698
86.6774231509771,"Married","College+",4.2972995701316
69.5165585284121,"Not married","College+",4.1038222547355
56.9877652893774,"Not married","College+",2.91942931969976
72.0231589861214,"Married","College+",3.70356354133349
82.575945033459,"Married","Some college",4.66256097210631
83.2632292550988,"Married","HS or less",4.5922281646728
36.6840633680113,"Not married","College+",1.83656978924149
38.5958944319282,"Married","College+",3.07028115831272
53.0297254340257,"Not married","College+",3.61149524148888
36.5247842296958,"Not married","College+",3.34863491872934
50.0000733241905,"Married","College+",4.86109128725927
56.6671646467876,"Married","Some college",4.06106418833943
53.6078923591413,"Married","College+",3.71913018275058
71.390047641471,"Not married","Some college",3.57013677980308
52.8358815354295,"Not married","Some college",3.59689346985868
39.4330091937445,"Not married","College+",3.44528607752485
49.8802655085456,"Not married","Some college",3.04802876259154
67.5635675073136,"Married","Some college",3.88854302787987
54.0661918837577,"Married","HS or less",4.42957965340235
44.3644195306115,"Married","HS or less",2.65855069641874
40.6805898016319,"Married","Some college",4.0832152497244
76.7374867293984,"Married","Some college",4.37016862805801
48.2427061535418,"Not married","Some college",2.40547028409787
84.619692559354,"Married","College+",4.8175668776197
56.4580706111155,"Married","Some college",3.37848109364115
55.8214701910038,"Not married","HS or less",3.26275316307651
40.5055756901857,"Married","College+",3.90808734688696
38.0659459193703,"Not married","HS or less",2.94202346041901
81.9600309815723,"Not married","HS or less",3.57993827015761
73.4488354576752,"Not married","Some college",4.44229843494517
76.0715217969846,"Married","College+",4.68636012993681
52.5167066906579,"Married","College+",4.4098337582242
86.5458615473472,"Not married","College+",4.61918833504482
71.5680308663286,"Not married","College+",3.19887528532967
47.4252262851223,"Married","Some college",4.65940456433892
67.1942041080911,"Married","College+",4.32312352290052
40.9436561388429,"Not married","Some college",2.52855488458041
44.7635607840493,"Married","HS or less",3.92974789322017
46.4381740940735,"Not married","HS or less",3.83999719625325
78.5039611242246,"Married","Some college",3.20450223173806
65.7308168523014,"Not married","HS or less",2.59830839844532
76.2318148510531,"Married","HS or less",4.46714426761069
69.8211183981039,"Not married","HS or less",3.24867764652645
64.6871368447319,"Not married","HS or less",3.0441093434343
55.8388088585343,"Not married","HS or less",3.74363432566665
89.4030457641929,"Not married","HS or less",3.24277654913349
73.6664860474411,"Not married","College+",4.79781376621718
72.6690741593484,"Married","College+",4.18305029929589
42.2937111067586,"Married","HS or less",4.11112749606704
74.4642911071423,"Married","HS or less",2.72169907936454
42.4695134337526,"Married","College+",4.46565416983474
38.7801447079983,"Not married","Some college",2.7129181559286
85.507481941022,"Not married","College+",3.87649219833018
72.9495468933601,"Married","HS or less",3.89522105972269
79.3210869282484,"Not married","Some college",3.1448631987116
79.5886553986929,"Married","Some college",5.02440750842785
72.9612752108369,"Married","College+",4.99350253546224
56.7046771477908,"Not married","HS or less",3.71485747697816
39.1672621655744,"Not married","Some college",2.60652614197266
81.9401523319539,"Not married","HS or less",4.67649089640944
49.320260041859,"Not married","HS or less",3.59399606473006
88.1545557221398,"Married","College+",3.66699749184409
50.1873686898034,"Not married","Some college",3.47386670120261
64.3173368228599,"Not married","Some college",3.69539313158699
70.755825326778,"Married","College+",5.00794414146603
56.5289204218425,"Married","College+",3.84972158740583
35.5728809686843,"Not married","HS or less",1.31549448261275
76.8910862132907,"Married","HS or less",4.8544486767701
51.0861819097772,"Not married","Some college",3.2590674102473
85.0575947528705,"Not married","College+",4.41126075697387
37.5895865238272,"Not married","HS or less",3.07313975546923
52.9204414458945,"Not married","Some college",2.68352644019555
43.3712545840535,"Not married","HS or less",2.67756878555925
82.9661577404477,"Married","HS or less",4.04630392131492
36.1355481739156,"Married","HS or less",2.65691596963418
50.6224619946443,"Not married","College+",3.09099115718565
65.3371238033287,"Married","Some college",5.18896285321493
69.5884448697325,"Not married","Some college",3.45996618586355
54.5959740248509,"Married","Some college",4.6187878641497
82.9065490036737,"Not married","HS or less",3.71142239195191
81.6002462478355,"Not married","College+",5.02820545207286
56.903685425641,"Not married","Some college",4.38831563193744
81.3208971743006,"Married","HS or less",4.51576856008934
75.3814625833184,"Married","College+",4.56993775405897
72.5139185285661,"Not married","Some college",2.83038143006728
70.76099564787,"Married","HS or less",3.99427278534113
40.3031442861538,"Married","HS or less",4.0332386141436
77.2834060958121,"Not married","HS or less",4.0658178680844
42.6203968829941,"Married","College+",3.39019152703246
59.1785443143453,"Not married","HS or less",3.81041196939813
84.2846518417355,"Not married","HS or less",4.83648102174671
44.753260005964,"Not married","College+",3.26185435429521
71.4102580735926,"Married","HS or less",2.73379475263761
53.7406581325922,"Married","College+",4.00583268346099
38.8470949826296,"Not married","Some college",1.76035071348964
45.0829572824296,"Not married","Some college",2.79443941140262
35.8890786964912,"Married","HS or less",4.08959395108625
59.2577155539766,"Married","Some college",4.29986227338459
70.4145021142904,"Married","HS or less",4.03248420081445
51.6037798509933,"Not married","College+",2.98857372874187
35.3946127148811,"Not married","College+",1.94329238814097
85.9123696689494,"Not married","Some college",4.11243355039931
67.0479825430084,"Not married","Some college",3.61548770967933
35.1060711184982,"Married","College+",3.58282293595035
80.8416343329009,"Married","College+",3.68608473599851
73.6164410959464,"Not married","HS or less",2.98553048741303
72.6757164683659,"Married","Some college",4.30615398225666
76.9258402544074,"Married","HS or less",4.87570147838256
63.3396173641086,"Not married","HS or less",2.48834935129088
54.703852563398,"Not married","HS or less",2.32082058669487
62.7761894243304,"Not married","College+",4.13625134497507
84.8591822211165,"Not married","Some college",3.93060563179902
48.4530050505418,"Not married","Some college",2.39732739558498
67.4748272064608,"Not married","HS or less",2.87170068325104
43.2542324915994,"Not married","HS or less",2.86001390459004
66.7551517079119,"Not married","HS or less",3.63972016400206
67.7093943883665,"Not married","Some college",4.68064413485452
48.3711391873658,"Not married","Some college",4.4877596640075
75.1068805030081,"Married","HS or less",4.19077713027388
55.3689057950396,"Married","College+",3.57190863264476
85.0425182993058,"Married","College+",4.27764762826002
42.4232880596537,"Not married","College+",2.67153580169977
43.7718463246711,"Not married","Some college",3.57513968154738
62.8961246181279,"Married","HS or less",5.11587075568656
36.0777315800078,"Married","Some college",2.73549889355527
86.6536324284971,"Married","College+",4.54412539530899
44.4309360126499,"Married","Some college",3.72822917900312
59.9289307021536,"Married","HS or less",4.30949128418154
44.3904410162941,"Married","College+",3.66948213438529
59.7305431799032,"Married","Some college",4.5853598934989
89.8452734877355,"Not married","Some college",3.99438436130504
66.9174626690801,"Married","HS or less",4.12496725192142
48.4624770958908,"Not married","Some college",2.9627590333329
82.5617451802827,"Married","Some college",4.84554727716758
61.3396743743215,"Married","College+",4.23488953819896
64.4822698505595,"Married","HS or less",4.42364209029773
57.8869442013092,"Married","College+",4.33768454692111
41.8418474122882,"Not married","College+",3.24920422344072
77.9819848935585,"Not married","Some college",3.59968408852635
82.7641662501264,"Married","HS or less",4.2100881987574
78.2539557409473,"Married","HS or less",4.58879773209891
38.0781901907176,"Not married","College+",2.79442925146872
36.3771218969487,"Married","HS or less",3.31434289833133
60.5658218241297,"Married","College+",4.80325533750444
62.7912095584907,"Not married","College+",3.9974736392495
65.4294886253774,"Married","HS or less",3.67468958854169
48.6722947168164,"Not married","HS or less",2.13017459915563
87.2244112798944,"Not married","College+",3.54691267458708
42.702362400014,"Not married","College+",2.61726259498902
81.4013810222968,"Married","HS or less",4.23287579079605
69.4513307849411,"Not married","Some college",4.39167482433254
73.7421082169749,"Married","Some college",3.8407626395205
86.7201838444453,"Not married","Some college",4.52800520370518
67.7463662973605,"Married","Some college",3.3427645641508
78.4599021647591,"Not married","Some college",4.60550267972949
59.1523582884111,"Not married","Some college",3.02349770460744
87.1017461700831,"Not married","HS or less",3.87922836075519
72.2926337493118,"Married","HS or less",3.71571755304231
50.4898016632069,"Married","Some college",4.65192577515729
35.7448545622174,"Not married","Some college",1.41716681308931
39.4758544559591,"Married","Some college",4.61978566466011
83.6092816840392,"Married","College+",3.49259407932695
85.3729390329681,"Married","College+",4.65452795427734
82.6100290939212,"Not married","Some college",3.19288411519484
74.6450301795267,"Not married","Some college",3.01828122917971
69.8634982504882,"Married","HS or less",4.04813383772496
65.7046848535538,"Married","College+",4.65994043559054
83.4109139209613,"Not married","College+",4.78403729329689
35.0567559886258,"Married","Some college",4.16697380843591
42.6629434525967,"Married","College+",4.48278868304038
54.5374114101287,"Not married","College+",3.84729156698201
87.489358157618,"Married","HS or less",4.15515873702706
42.8959751816001,"Married","HS or less",4.14515671391867
68.3163205394521,"Married","HS or less",4.93316525492724
46.4135777403135,"Married","HS or less",4.07769448578374
84.6201489667874,"Not married","College+",5.10300172756134
65.5356915912125,"Not married","College+",4.3299107695825
45.0887897983193,"Married","College+",4.7038642255839
49.7133357671555,"Married","Some college",3.99133769679853
85.8984072587918,"Not married","HS or less",4.04075076333605
70.8799871138763,"Married","HS or less",4.18868319711759
52.5565422838554,"Married","Some college",3.67073970493092
36.959896000335,"Not married","College+",2.49184947295559
48.579927564133,"Married","College+",4.46769939127191
65.4162930580787,"Married","HS or less",5.34317637203389
40.2780878753401,"Not married","College+",3.32723801638257
35.8072471909691,"Married","Some college",4.05830882259275
62.2611414664425,"Married","College+",4.84285319118679
66.5077679045498,"Not married","Some college",4.33977345892026
79.8760149150621,"Married","HS or less",4.64615924936073
62.5694339885376,"Not married","College+",4.51676346522845
81.8295305978972,"Married","Some college",3.99822922578761
51.36146457633,"Not married","Some college",3.02581433014615
57.5388982216828,"Not married","HS or less",2.25069118780141
36.4008463115897,"Not married","College+",2.87876381153514
75.4647245991509,"Not married","HS or less",4.29812612108611
84.8205172468442,"Married","Some college",4.14897571046819
45.6262931146193,"Married","HS or less",4.02707030160625
42.6986333203968,"Married","Some college",4.81355304936284
82.1809032768942,"Married","HS or less",4.07990406720151
54.9850843544118,"Not married","HS or less",2.92370084335156
43.3437490474898,"Married","College+",4.56368715194157
62.7776331373025,"Not married","HS or less",3.70546857267164
74.1110576852225,"Not married","HS or less",2.79695995613469
72.1126322972123,"Not married","College+",3.07728111994493
49.653392136097,"Not married","HS or less",2.2889036986415
59.9794505012687,"Not married","Some college",2.75331615049981
62.7967718103901,"Married","Some college",4.23183280564297
62.1961944492068,"Not married","HS or less",2.48962426163988
40.7410808373243,"Married","Some college",3.47364457829247
63.8560628704727,"Not married","College+",3.50124485597755
74.9924311623909,"Not married","Some college",4.45265298068228
77.3040620377287,"Married","College+",4.13450643582959
68.349032739643,"Married","College+",4.25923093184885
48.441864552442,"Married","College+",3.53595867468642
77.5677347625606,"Not married","HS or less",2.56205032753456
46.6384789347649,"Married","College+",4.43699210882097
64.9030652362853,"Not married","Some college",4.88981207314613
41.7031675891485,"Married","HS or less",2.60700613057528
72.5680442294106,"Not married","HS or less",3.08749867289558
87.6392320194282,"Married","Some college",4.84212275976688
80.7078643119894,"Not married","HS or less",3.72230024718957
55.982077496592,"Not married","HS or less",4.04880218191095
70.5187489348464,"Not married","Some college",3.58782330968034
79.7914589871652,"Married","HS or less",2.90562622650897
56.2865944288205,"Married","College+",4.3052022690222
39.6065856236964,"Married","HS or less",3.11684205006683
75.7721315696836,"Married","Some college",4.14238644902511
42.6119751983788,"Married","College+",3.33040005380334
77.3216870788019,"Married","College+",4.92548513886303
71.9812527520116,"Not married","HS or less",2.64347351071636
83.3879574760795,"Married","Some college",4.63740511314085
46.3257637387142,"Married","Some college",3.41138998123209
83.1981392367743,"Married","College+",4.29087815491895
87.387461346807,"Married","College+",5.04451230643862
35.4381142300554,"Married","HS or less",3.64526648841594
68.3913540188223,"Not married","College+",4.38443591839674
41.8362017441541,"Not married","Some college",3.27330422477892
47.2922797850333,"Married","Some college",3.57978102645382
63.2051739050075,"Married","College+",4.024029930278
41.1176767596044,"Married","Some college",4.85945915343101
73.5377340624109,"Married","Some college",4.56294575977645
46.2058323353995,"Not married","Some college",3.24098551204385
48.4410626604222,"Not married","HS or less",3.55965428881323
39.404717477737,"Married","College+",4.01805497371108
88.8252486800775,"Not married","Some college",4.435943516299
79.413457858609,"Not married","Some college",4.57283285129935
42.6822668092791,"Married","HS or less",3.52474679789967
87.0617036242038,"Married","HS or less",4.89191405426852
83.0497767275665,"Not married","HS or less",3.7296844725608
54.1228286642581,"Not married","HS or less",3.60862641770363
70.6037899805233,"Not married","Some college",3.6151788992242
88.5878953780048,"Not married","HS or less",4.04038146206801
71.1307593272068,"Married","College+",4.710766421982
72.9422699857969,"Married","Some college",3.39138066187604
63.3143249189015,"Not married","College+",3.90444520732514
83.3997932716738,"Married","College+",4.84005184059442
77.9826973762829,"Not married","Some college",4.21357951417116
84.6802140213549,"Married","College+",4.2787434616255
38.2314384658821,"Married","Some college",3.25288891799494
83.9715369034093,"Married","College+",4.96475198529897
63.2819520053454,"Married","Some college",3.96012908870837
72.1238885843195,"Not married","HS or less",2.59954588466257
57.6323225349188,"Not married","Some college",3.34434299143801
79.026773578953,"Married","HS or less",5.05392009980843
72.8526057035197,"Married","Some college",4.00586223850441
42.3546907177661,"Not married","Some college",2.51815815936044
72.7820229297504,"Not married","HS or less",3.68256098967277
58.4294738387689,"Married","Some college",4.15932930460139
38.652193833841,"Not married","HS or less",2.64076529726979
65.3682602127083,"Not married","Some college",3.02472963452063
55.943633535644,"Not married","College+",3.3084935868571
83.7813117890619,"Not married","Some college",2.45694135521811
74.784916221397,"Not married","College+",4.39657951887286
75.4621504130773,"Married","College+",5.2656442215294
49.888446702389,"Married","HS or less",3.209952866018
60.0975541619118,"Married","HS or less",3.62972944779643
80.2223028917797,"Married","College+",4.30804974514514
53.9888025808614,"Not married","HS or less",2.81158700544434
86.3527207833249,"Married","HS or less",3.40156167027968
41.6598071285989,"Married","College+",3.52802494123948
70.8855476882309,"Married","HS or less",3.54139609859863
53.8258217670955,"Married","College+",3.74653867435579
67.803735921625,"Married","HS or less",4.58450409637226
44.7373625542969,"Not married","HS or less",3.74640797585743
77.7392634737771,"Married","HS or less",3.57131642055316
66.9377198803704,"Married","Some college",4.49586160298188
40.3668689238839,"Not married","College+",2.4593295175223
63.1693369254936,"Married","HS or less",4.14594384779336
76.3443244504742,"Married","Some college",4.70305580597691
62.2991278930567,"Not married","College+",3.43713326020777
36.7524262762163,"Not married","HS or less",3.24771553550965
74.1313169198111,"Married","HS or less",2.7137046537665
67.7678161277436,"Not married","Some college",3.43975346130421
46.6614368779119,"Married","HS or less",4.15445080196893
59.3121331860311,"Married","Some college",4.32352597225061
41.5279618278146,"Married","College+",3.42411828838811
52.7876709983684,"Not married","Some college",3.01098816347793
87.9991852759849,"Not married","College+",4.49950260808854
77.9471248341724,"Not married","Some college",4.16386968196633
71.4003899996169,"Not married","HS or less",3.49386836601809
35.5710590910167,"Not married","College+",1.24365806579134
56.4333365578204,"Married","College+",3.91711542386504
35.922622497892,"Married","College+",3.78102771962053
73.7606590322684,"Not married","Some college",3.87958386520418
68.2856642792467,"Not married","Some college",3.99586506028747
48.5089201666415,"Not married","College+",4.26382894039137
88.3800621132832,"Married","College+",4.13400368637154
89.1252307605464,"Married","Some college",5.19307703718118
66.5769831207581,"Married","HS or less",3.50596361233415
86.6876503219828,"Not married","Some college",3.73830659302691
52.8859357070178,"Married","College+",4.07170157827404
55.3764761320781,"Married","College+",3.86041660560004
57.1690154878888,"Married","College+",5.53686447349741
61.8475715862587,"Married","College+",2.83831012767551
80.0240888097323,"Not married","Some college",4.04244701330345
80.3243162471335,"Married","College+",3.5784349781637
82.3094089701772,"Not married","HS or less",4.67507171555632
40.4432081989944,"Not married","College+",2.15286777491711
36.1654219042975,"Married","HS or less",3.5366001803556
36.0710195440333,"Not married","Some college",2.21965797368552
87.693121493794,"Married","HS or less",4.09946652861012
43.0110541009344,"Not married","College+",3.06244613472074
53.7351195071824,"Married","HS or less",3.88419315140825
59.1755147196818,"Not married","Some college",3.15086011199502
71.2342532374896,"Married","College+",4.02583041682967
87.4602384003811,"Married","College+",4.73828124859933
87.1815385879017,"Not married","College+",4.7516421480165
39.4216809642967,"Married","HS or less",3.90244210604619
39.5676823612303,"Not married","Some college",2.83971298109694
44.2015411623288,"Not married","Some college",2.01566636841082
39.0044075646438,"Not married","HS or less",2.94377105788026
71.025733690476,"Not married","Some college",3.66174894276431
68.6074102623388,"Not married","College+",3.8931117062605
72.2944032133091,"Not married","HS or less",3.79005529191263
67.2557181771845,"Not married","College+",2.86977495080535
37.2835739771836,"Not married","Some college",1.87985462177875
41.7165263008792,"Not married","HS or less",3.16801293216174
85.552991963923,"Married","Some college",3.78566067634826
43.9298019185662,"Married","Some college",4.21313962718834
60.2331625286024,"Married","HS or less",3.94154141850924
53.990603700513,"Married","HS or less",4.37003047419832
67.4409032170661,"Married","HS or less",4.55839293105133
89.441184476018,"Married","Some college",5.2926371988098
59.9692724784836,"Married","Some college",3.35024017068294
46.0537399142049,"Married","College+",3.64038213426644
74.3430127506144,"Not married","HS or less",3.12502682983773
46.1843533464707,"Not married","College+",2.38894785395928
42.3898367537186,"Not married","College+",1.30878975205007
40.4148521088064,"Married","Some college",5.11968755711864
68.4104262304027,"Married","College+",3.85118184180169
55.8942489221226,"Not married","College+",3.01693516601362
78.894061986357,"Not married","College+",3.285348593421
68.9318721520249,"Not married","Some college",4.1062390260941
51.2372757948469,"Not married","College+",2.64996756629754
45.8777465648018,"Not married","College+",3.38030541093378
44.7331373183988,"Not married","HS or less",2.63427995867333
80.6693188019563,"Not married","College+",5.35109096271716
41.9836729520466,"Married","HS or less",3.68448453869021
36.5080365189351,"Married","College+",3.65669467320518
79.9367291410454,"Not married","HS or less",3.12564057222308
72.0883553428575,"Not married","Some college",3.49324124490473
83.9876847702544,"Married","Some college",4.27578308864694
89.8491461703088,"Not married","Some college",4.292554956627
76.8517927615903,"Married","HS or less",3.96069703358369
42.250190716004,"Married","HS or less",3.09119109329824
50.0649371172767,"Married","College+",4.23091287103485
44.9916108965408,"Not married","Some college",2.74618177250745
88.2447426812723,"Married","College+",4.94636948684447
75.3744204936083,"Married","College+",4.54694050590921
69.4172003935091,"Not married","HS or less",4.79307804566273
48.5105376655702,"Married","HS or less",4.05020312176487
51.7026383208577,"Married","Some college",3.15363648562702
71.6261371504515,"Married","Some college",5.23476970725534
54.472380541265,"Married","College+",3.57687241837811
47.9672052012756,"Married","HS or less",2.35223777013846
83.6839300580323,"Married","College+",5.84344903435307
82.3675452708267,"Married","College+",4.04332362658926
54.3793143262155,"Married","Some college",3.96655907542318
57.6176394463982,"Married","College+",3.51968034677011
69.3895046669059,"Not married","Some college",4.50817281546382
63.3743250358384,"Not married","HS or less",3.54473255251604
76.2755018949974,"Not married","HS or less",3.45994481398314
50.106675584102,"Married","HS or less",4.11891494804353
47.2867766825948,"Married","College+",5.23072372052543
69.08794865245,"Not married","College+",4.4494108762426
61.7144518636633,"Married","HS or less",4.10069211870616
71.0769087821245,"Not married","College+",3.66079536164347
54.9126476887614,"Not married","HS or less",3.98147917583766
58.2027886202559,"Married","HS or less",3.19991740405487
80.1014142890926,"Not married","College+",4.28051739571652
61.0519983654376,"Not married","College+",4.39961216199598
51.638780196663,"Not married","Some college",2.88143365119526
54.9314374453388,"Married","Some college",3.5672663928937
80.4135712084826,"Not married","College+",4.2822409138382
37.0668377901893,"Not married","Some college",2.70055558994309
79.3750171374995,"Not married","HS or less",2.83652465584995
63.8342467846815,"Married","College+",4.19549509847366
73.778434220003,"Not married","College+",3.58295131736907
70.2352710522246,"Not married","Some college",4.60083374354695
51.3064425543416,"Not married","HS or less",3.47068537908117
46.4957405161113,"Not married","HS or less",2.05713921222563
44.5438265556004,"Not married","HS or less",2.58648614321158
61.7244530911557,"Not married","Some college",3.11336592383777
79.946771922987,"Married","HS or less",3.41325358608199
88.0091343331151,"Not married","HS or less",4.28558418288586
36.2085202452727,"Married","HS or less",3.24819726394296
81.3954494288191,"Married","HS or less",4.31652612253435
48.2859658077359,"Not married","College+",2.08744916086677
56.5046367188916,"Married","College+",4.81713127635663
45.8240397379268,"Not married","Some college",3.65620266565458
51.1202041828074,"Not married","College+",3.53147187788689
59.3390977464151,"Married","College+",4.21938547373014
62.5309091212694,"Married","Some college",4.34392109752675
76.0786531167105,"Not married","HS or less",3.87826185691332
69.9321236368269,"Not married","Some college",2.84748294343902
89.9814253661316,"Married","Some college",4.12872198585919
41.8226119538303,"Married","College+",4.38061492239736
77.7564390480984,"Married","Some college",5.72631112331904
86.9205846509431,"Married","HS or less",4.13809002633912
46.311432934599,"Married","HS or less",3.69559908970146
49.9726949608885,"Married","Some college",4.04173032751981
71.6495730401948,"Married","Some college",4.91900715705981
61.7759817349724,"Not married","College+",3.216094287848
64.9033288413193,"Not married","College+",4.76482178580506
84.2294088448398,"Married","HS or less",4.45040008126518
83.6441286816262,"Married","Some college",3.74769819202325
85.717130296398,"Not married","HS or less",4.69916440925438
75.3428835480008,"Not married","HS or less",2.25521703729245
49.5812423562165,"Not married","College+",3.41761946852703
83.8859564310405,"Not married","College+",3.67640192802911
67.7993578498717,"Not married","HS or less",3.09990062001291
70.455547447782,"Not married","Some college",4.29276191211702
78.8056234002579,"Not married","HS or less",4.54498008549257
57.7801851485856,"Married","HS or less",4.1269026516938
89.4375397602562,"Married","HS or less",4.06989414541442
54.2055709741544,"Married","Some college",4.26944673780825
56.2775780865923,"Not married","College+",2.87139022749839
66.0080215625931,"Married","HS or less",3.4491269852106
50.6860257161316,"Married","College+",3.93895601101473
84.6344625216443,"Married","College+",3.75479713902545
58.2475247827824,"Not married","HS or less",3.8057648165666
35.1349364523776,"Not married","HS or less",1.94710673252981
83.0849997128826,"Married","Some college",4.09490369917593
81.2868167634588,"Married","College+",6.06805305108005
61.4637210895307,"Not married","Some college",4.09791772654884
47.2100558748934,"Married","HS or less",4.17404569150494
43.3015082008205,"Married","HS or less",3.82237298407913
68.7450023065321,"Not married","Some college",4.04048695132006
53.368728000205,"Not married","College+",2.65962369263625
42.6800125220325,"Married","Some college",4.30691594867285
71.4359112549573,"Married","College+",4.21430533749677
71.8472571973689,"Married","Some college",4.87275520381335
51.959790851688,"Married","Some college",3.1922202605567
72.8154462808743,"Not married","Some college",4.04121012421682
53.6866257083602,"Not married","HS or less",3.32196520240894
83.0211282451637,"Married","Some college",4.43215381741252
45.3780089819338,"Married","College+",3.97842049541627
39.9840615142602,"Married","College+",3.78601277414235
81.3038296159357,"Married","HS or less",4.31042994438747
59.4087444758043,"Not married","HS or less",3.44782044154637
81.8017968256027,"Married","HS or less",3.85452767473784
76.4441454340704,"Married","College+",4.53470500994688
66.8771856639069,"Not married","College+",4.05298329815938
36.7720599402674,"Not married","College+",1.51931735859552
42.0867529569659,"Not married","HS or less",1.80878662757523
50.6103188882116,"Not married","HS or less",2.26134375877009
60.6358368706424,"Married","Some college",4.68156730128668
79.1245660267305,"Not married","Some college",4.18320804970427
50.8160383824725,"Not married","Some college",3.50657916233809
60.4726275906432,"Married","Some college",4.13571215927433
82.3562922107521,"Not married","HS or less",4.13512088433963
45.1989619375672,"Not married","HS or less",2.82623682460052
43.4277276566718,"Not married","HS or less",3.58407643323956
60.8673263213132,"Married","College+",4.16872922999789
51.1868622188922,"Married","College+",4.31559988491443
61.8854023469612,"Not married","HS or less",4.09720245930032
76.2379157100804,"Married","College+",4.75937457840698
48.9967493328732,"Married","Some college",4.49719432417614
62.7899966167752,"Not married","Some college",4.14286885340549
72.8275923838373,"Not married","HS or less",4.18532658323872
54.1459150228184,"Married","HS or less",4.00607550102753
76.385326551972,"Not married","HS or less",2.07364342781795
58.2347651338205,"Married","HS or less",3.38779319000789
77.0820903999265,"Married","Some college",4.26572075030808
82.6359219080769,"Married","College+",3.88406015313498
87.9900320793968,"Not married","HS or less",3.72882924237996
89.1218216950074,"Married","Some college",4.78112592793274
64.3697154952679,"Not married","HS or less",2.82472702683844
38.7205828016158,"Married","Some college",3.49763179612793
74.144870393211,"Not married","College+",4.13433788654188
61.0702887643129,"Not married","College+",3.65276078172376
67.7056015492417,"Married","HS or less",3.77699509319782
79.5494779536966,"Married","HS or less",4.47954163570088
37.0396879955661,"Not married","College+",2.54065847098952
74.6330674411729,"Not married","HS or less",2.62987809287924
38.063537387643,"Married","Some college",3.6897468727825
62.9223103623372,"Not married","HS or less",3.51040824022783
62.9504070221446,"Not married","HS or less",3.69416635636134
47.1088189282455,"Not married","College+",3.20208495814437
76.2816837627906,"Not married","College+",3.53496492901877
89.0094273851719,"Not married","Some college",3.63120003872059
66.002198177157,"Not married","Some college",4.47105820320877
36.5896344487555,"Married","HS or less",3.59438961465772
59.4563981576357,"Not married","Some college",3.43496748080238
48.1234218087047,"Not married","HS or less",3.18477721715081
43.2023263873998,"Not married","HS or less",2.84800914241536
42.8454161074478,"Not married","HS or less",3.19649992656606
69.6757700655144,"Married","College+",3.83559535959421
68.2134735467844,"Not married","HS or less",3.28986605980392
53.4036261308938,"Married","College+",4.8769011933107
87.1245895535685,"Not married","College+",4.98099598941697
65.535839573713,"Married","HS or less",5.1331835199871
71.2764467287343,"Married","College+",4.12303682310115
61.7826458776835,"Married","HS or less",3.11710847017377
71.9220369320828,"Married","Some college",3.59816275935431
41.693492125487,"Not married","College+",3.20758660863994
44.1118470940273,"Married","College+",3.91260485189099
89.0821003925521,"Married","HS or less",5.30586328065386
57.3600782733411,"Not married","Some college",3.06665612005416
45.5594104283955,"Married","College+",4.05997529519391
50.5005393584725,"Married","College+",3.68333098285953
45.7469358865637,"Married","College+",3.74859154124723
74.5676293002907,"Married","Some college",4.86115491747674
63.2229968451429,"Not married","Some college",3.8766795100058
88.7540479679592,"Married","College+",5.71483699374235
76.3193273043726,"Not married","HS or less",3.91623476867005
39.2510950844735,"Not married","College+",3.65850176982593
81.1386923119426,"Married","College+",4.84825112768192
47.7495950390585,"Not married","College+",3.09887239929022
63.7876961333677,"Married","College+",4.49209411362965
60.1028658065479,"Not married","Some college",2.75444683603556
88.7113204412162,"Married","Some college",5.00832596620523
35.8738579740748,"Married","Some college",3.48074484293784
71.7107706551906,"Not married","Some college",4.81233548889606
47.0046525017824,"Married","HS or less",5.50762095292846
81.4798038976733,"Not married","Some college",4.69085347199615
83.555238234112,"Married","Some college",4.49901465384667
84.0741874824744,"Married","Some college",4.05860297844139
68.7830593821127,"Not married","College+",4.29054541382807
87.319640951464,"Married","HS or less",4.21025685474977
37.3111665411852,"Not married","Some college",2.9996451492459
71.9646831171121,"Married","College+",4.37529614417444
43.9704940200318,"Married","College+",4.40421914749542
63.4051901695784,"Married","College+",3.93359622719383
44.2270544543862,"Not married","Some college",2.4876114156755
67.4915569380391,"Not married","HS or less",3.85309476508409
54.1513038729317,"Married","College+",4.0902362951574
69.8978406656533,"Not married","HS or less",4.55410455762967
50.2770328568295,"Not married","HS or less",2.96389253550895
80.394372374285,"Married","Some college",4.18884551957175
77.6631646894384,"Not married","Some college",2.41587741458532
76.0194289602805,"Married","HS or less",3.93590006608554
72.016802423168,"Married","HS or less",4.17827723133593
66.0823473229539,"Not married","Some college",3.15051063010165
53.1209744710941,"Not married","Some college",3.27512577863214
76.9864138355479,"Married","College+",3.67957755481414
62.454342788551,"Not married","HS or less",2.69694847926434
62.0835894986521,"Married","College+",4.38486126754326
40.8533852768596,"Not married","HS or less",2.36750648811617
71.7128124576993,"Married","HS or less",4.18836326821256
84.2101462767459,"Not married","HS or less",3.73269320984716
84.3732415349223,"Married","College+",4.57626803504489
81.129361090716,"Married","HS or less",4.55748274923713
46.9579446990974,"Married","College+",4.84593573014655
79.8260125424713,"Married","College+",4.42515950944637
67.1475436736364,"Not married","HS or less",2.35477313744949
76.5682197839487,"Not married","Some college",3.57923607045706
46.8960399669595,"Married","College+",2.89642692905324
84.1561898030341,"Married","Some college",4.67125263731423
47.9542847769335,"Not married","College+",4.88057135267382
40.8376894122921,"Married","Some college",3.50283628385267
65.3696270275395,"Not married","Some college",2.60811237356619
84.5995129377116,"Married","College+",3.99566173025615
83.5993873071857,"Married","Some college",5.8008578225562
80.6281624175608,"Married","HS or less",3.6771941202339
70.2701990969945,"Not married","HS or less",5.20974114807833
47.911730306223,"Married","HS or less",3.26267835393972
74.1902315244079,"Not married","HS or less",3.8049111225536
50.0186198111624,"Not married","College+",2.97598495181663
75.6243384652771,"Married","Some college",4.65717328294784
63.838389167795,"Not married","HS or less",4.33307742995238
40.942223938182,"Married","Some college",4.00136982606392
65.9232197911479,"Not married","College+",3.62080892669746
75.874713587109,"Not married","Some college",4.49898399087277
38.5808332043234,"Married","College+",3.5793074132362
72.2476509108674,"Not married","College+",4.25702000059108
50.0682735617738,"Not married","College+",3.28409904997763
74.8058049706742,"Married","HS or less",4.92131123133328
60.1464570127428,"Not married","HS or less",3.54545522738421
40.4789098608308,"Married","College+",4.17627917845457
46.8744278117083,"Not married","College+",3.30602811292475
54.4677279412281,"Married","HS or less",4.24931542304031
61.654081918532,"Married","HS or less",4.69348174816774
40.5555650009774,"Married","HS or less",2.98603019855999
40.6655389082152,"Not married","Some college",2.34904741025141
60.0424497225322,"Married","HS or less",3.9793713701752
40.2795457514003,"Married","HS or less",4.63929342795279
45.2237511705607,"Married","Some college",4.00899355543024
82.3513386386912,"Married","Some college",5.11033629354126
36.5256243851036,"Not married","College+",1.83107770869222
67.7772228128742,"Married","Some college",4.42772645310916
80.3353816526942,"Married","College+",4.48725349817391
86.2395992001984,"Married","HS or less",4.43236290677261
49.764473286923,"Married","HS or less",3.92577798785734
53.0959056387655,"Married","Some college",3.63728846270209
87.6311590208206,"Not married","Some college",4.21154308408489
62.8083265468013,"Married","HS or less",4.3667189315855
43.0634434404783,"Not married","HS or less",2.69419147491064
40.6166440097149,"Not married","HS or less",2.20657362893233
44.2389311385341,"Married","College+",3.11426132873681
50.0206891843118,"Married","Some college",3.42391522237186
52.9459463886451,"Married","Some college",3.11745923271278
86.2000557687134,"Not married","Some college",4.4296786869233
59.5207545766607,"Married","College+",3.0668470864116
36.0698519600555,"Not married","College+",2.39828086404375
65.7886278245132,"Married","HS or less",3.55860539789269
66.8949325510766,"Married","College+",4.41687022748446
86.1342618602794,"Not married","HS or less",3.04128894146236
48.8731832278427,"Not married","College+",3.52250137298364
42.2326572868042,"Married","HS or less",3.55800623981807
67.6992321934085,"Not married","HS or less",4.3422228663962
55.7697788381483,"Married","College+",3.84689750625211
43.5214206459932,"Married","HS or less",3.39051543723715
87.9126184969209,"Married","College+",4.47890421868545
62.398026662413,"Married","HS or less",4.02202780708772
88.2238695805427,"Not married","HS or less",4.56597186602188
36.6035234055016,"Not married","HS or less",1.69201467652399
45.2360180183314,"Married","Some college",3.58024011498145
43.6485723557416,"Married","HS or less",3.86195761768163
43.6336517089512,"Not married","Some college",3.1473398986417
43.4269491350278,"Married","HS or less",4.32345463525962
63.6337651615031,"Not married","HS or less",3.39680876198242
79.0527554054279,"Married","Some college",4.61879562078736
36.2887433567084,"Married","College+",3.47750995057471
70.3581105114426,"Not married","College+",4.72623568014441
73.3703654957935,"Not married","HS or less",4.81326326477478
52.1126896596979,"Not married","HS or less",0.977120691499562
71.0075638827402,"Married","College+",4.35120720650738
58.7332420609891,"Not married","Some college",3.29115005842054
47.17349221115,"Not married","HS or less",2.91682953669358
63.9246991288383,"Not married","College+",3.52157723159876
80.6859212706331,"Not married","College+",4.46397051252485
89.341772403568,"Married","Some college",3.62224814178354
49.5973733195569,"Married","HS or less",3.39076616599612
45.161956823431,"Married","HS or less",3.45022127345409
77.5274609203916,"Not married","Some college",5.20003460510843
63.5792748699896,"Not married","Some college",2.94960427136658
65.1567005447578,"Not married","College+",4.51781948484179
71.3794593373314,"Not married","College+",4.59371086748229
58.5654977883678,"Married","College+",4.42174602861449
55.0921452883631,"Not married","Some college",2.62913851122219
36.4575194986537,"Not married","HS or less",1.79739030960291
49.8715653771069,"Not married","HS or less",2.73942253072866
59.8731676663738,"Married","Some college",4.5657118160151
74.3511693319306,"Not married","HS or less",3.47266337436934
82.1841426799074,"Not married","College+",4.24818686299548
45.1766597735696,"Not married","College+",4.21084437341692
79.7438100946601,"Not married","Some college",4.4441333445706
72.1785918471869,"Not married","HS or less",4.04746946609375
